Unique Key,Created Date,Closed Date,Agency,Agency Name,Complaint Type,Descriptor,Location Type,Incident Zip,Incident Address,Street Name,Cross Street 1,Cross Street 2,Intersection Street 1,Intersection Street 2,Address Type,City,Landmark,Facility Type,Status,Due Date,Resolution Action Updated Date,Community Board,Borough,X Coordinate (State Plane),Y Coordinate (State Plane),Park Facility Name,Park Borough,School Name,School Number,School Region,School Code,School Phone Number,School Address,School City,School State,School Zip,School Not Found,School or Citywide Complaint,Vehicle Type,Taxi Company Borough,Taxi Pick Up Location,Bridge Highway Name,Bridge Highway Direction,Road Ramp,Bridge Highway Segment,Garage Lot Name,Ferry Direction,Ferry Terminal Name,Latitude,Longitude,Location
29300358,11/16/2014 11:46:00 PM,11/16/2014 11:46:00 PM,DSNY,BCC - Queens East,Derelict Vehicles,14 Derelict Vehicles,Street,11432,80-25 PARSONS BOULEVARD,PARSONS BOULEVARD,UNION TURNPIKE,GOETHALS AVENUE,,,ADDRESS,Jamaica,,DSNY Garage,Pending,,11/16/2014 11:46:00 PM,08 QUEENS,QUEENS,1037228,201435,Unspecified,QUEENS,Unspecified,Unspecified,Unspecified,Unspecified,Unspecified,Unspecified,Unspecified,Unspecified,Unspecified,,,,,,,,,,,,,40.719410639341916,-73.80888158860446,"(40.719410639341916, -73.80888158860446)"
29299837,11/16/2014 02:24:35 AM,11/16/2014 02:24:35 AM,DOB,Department of Buildings,Building/Use,Illegal Conversion Of Residential Building/Space,,10465,938 HUNTINGTON AVENUE,HUNTINGTON AVENUE,LAFAYETTE AVENUE,BARKLEY AVENUE,,,ADDRESS,BRONX,,N/A,Open,,11/16/2014 12:00:00 AM,10 BRONX,BRONX,1031120,240935,Unspecified,BRONX,Unspecified,Unspecified,Unspecified,Unspecified,Unspecified,Unspecified,Unspecified,Unspecified,Unspecified,,,,,,,,,,,,,40.827862046105416,-73.83064067165407,"(40.827862046105416, -73.83064067165407)"
29297857,11/16/2014 02:17:12 AM,11/16/2014 02:50:48 AM,NYPD,New York City Police Department,Illegal Parking,Blocked Sidewalk,Street/Sidewalk,11201,229 DUFFIELD STREET,DUFFIELD STREET,WILLOUGHBY STREET,FULTON STREET,,,ADDRESS,BROOKLYN,,Precinct,Closed,11/16/2014 10:17:12 AM,11/16/2014 02:50:46 AM,02 BROOKLYN,BROOKLYN,988583,191117,Unspecified,BROOKLYN,Unspecified,Unspecified,Unspecified,Unspecified,Unspecified,Unspecified,Unspecified,Unspecified,Unspecified,N,,,,,,,,,,,,40.69124772858873,-73.98437529459297,"(40.69124772858873, -73.98437529459297)"
29294647,11/16/2014 02:15:13 AM,,NYPD,New York City Police Department,Noise - Street/Sidewalk,Loud Music/Party,Street/Sidewalk,10040,128 NAGLE AVENUE,NAGLE AVENUE,,,,,LATLONG,NEW YORK,,Precinct,Assigned,11/16/2014 10:15:13 AM,11/16/2014 02:54:11 AM,01 MANHATTAN,MANHATTAN,1004634,253062,Unspecified,MANHATTAN,Unspecified,Unspecified,Unspecified,Unspecified,Unspecified,Unspecified,Unspecified,Unspecified,Unspecified,N,,,,,,,,,,,,40.861247930170535,-73.92630783362215,"(40.861247930170535, -73.92630783362215)"
29300211,11/16/2014 02:14:01 AM,,NYPD,New York City Police Department,Illegal Parking,Commercial Overnight Parking,Street/Sidewalk,10306,625 LINCOLN AVENUE,LINCOLN AVENUE,BADEN PLACE,PATTERSON AVENUE,,,ADDRESS,STATEN ISLAND,,Precinct,Open,11/16/2014 10:14:01 AM,,02 STATEN ISLAND,STATEN ISLAND,958627,147162,Unspecified,STATEN ISLAND,Unspecified,Unspecified,Unspecified,Unspecified,Unspecified,Unspecified,Unspecified,Unspecified,Unspecified,N,,,,,,,,,,,,40.57056460126485,-74.09222907551542,"(40.57056460126485, -74.09222907551542)"
29300636,11/16/2014 02:11:41 AM,,NYPD,New York City Police Department,Noise - Street/Sidewalk,Loud Talking,Street/Sidewalk,11205,714 MYRTLE AVENUE,MYRTLE AVENUE,SPENCER STREET,WALWORTH STREET,,,ADDRESS,BROOKLYN,,Precinct,Assigned,11/16/2014 10:11:41 AM,11/16/2014 02:19:04 AM,03 BROOKLYN,BROOKLYN,996798,192389,Unspecified,BROOKLYN,Unspecified,Unspecified,Unspecified,Unspecified,Unspecified,Unspecified,Unspecified,Unspecified,Unspecified,N,,,,,,,,,,,,40.69473123945269,-73.95474981427601,"(40.69473123945269, -73.95474981427601)"
29296134,11/16/2014 02:08:55 AM,11/16/2014 02:46:11 AM,NYPD,New York City Police Department,Traffic,Congestion/Gridlock,Street/Sidewalk,11102,ASTORIA BOULEVARD,ASTORIA BOULEVARD,31 STREET,32 STREET,,,BLOCKFACE,ASTORIA,,Precinct,Closed,11/16/2014 10:08:55 AM,11/16/2014 02:45:13 AM,01 QUEENS,QUEENS,1006979,219779,Unspecified,QUEENS,Unspecified,Unspecified,Unspecified,Unspecified,Unspecified,Unspecified,Unspecified,Unspecified,Unspecified,N,,,,,,,,,,,,40.76988973596573,-73.91794291697589,"(40.76988973596573, -73.91794291697589)"
29298255,11/16/2014 02:07:33 AM,,NYPD,New York City Police Department,Noise - Commercial,Loud Music/Party,Club/Bar/Restaurant,11238,990 ATLANTIC AVENUE,ATLANTIC AVENUE,GRAND AVENUE,CLASSON AVENUE,,,ADDRESS,BROOKLYN,,Precinct,Assigned,11/16/2014 10:07:33 AM,11/16/2014 02:16:25 AM,08 BROOKLYN,BROOKLYN,995129,187144,Unspecified,BROOKLYN,Unspecified,Unspecified,Unspecified,Unspecified,Unspecified,Unspecified,Unspecified,Unspecified,Unspecified,N,,,,,,,,,,,,40.680337127902185,-73.96077697561918,"(40.680337127902185, -73.96077697561918)"
29300954,11/16/2014 02:06:37 AM,,NYPD,New York City Police Department,Noise - Commercial,Loud Music/Party,Club/Bar/Restaurant,10034,229 DYCKMAN STREET,DYCKMAN STREET,BROADWAY,SEAMAN AVENUE,,,ADDRESS,NEW YORK,,Precinct,Assigned,11/16/2014 10:06:37 AM,11/16/2014 02:53:50 AM,12 MANHATTAN,MANHATTAN,1004260,254747,Unspecified,MANHATTAN,Unspecified,Unspecified,Unspecified,Unspecified,Unspecified,Unspecified,Unspecified,Unspecified,Unspecified,N,,,,,,,,,,,,40.86587359965432,-73.92765488555312,"(40.86587359965432, -73.92765488555312)"
29295733,11/16/2014 02:05:28 AM,,NYPD,New York City Police Department,Noise - Commercial,Loud Music/Party,Club/Bar/Restaurant,10022,1074 FIRST AVENUE,FIRST AVENUE,EAST 58 STREET,EAST 59 STREET,,,ADDRESS,NEW YORK,,Precinct,Assigned,11/16/2014 10:05:28 AM,11/16/2014 02:37:01 AM,06 MANHATTAN,MANHATTAN,994719,215902,Unspecified,MANHATTAN,Unspecified,Unspecified,Unspecified,Unspecified,Unspecified,Unspecified,Unspecified,Unspecified,Unspecified,N,,,,,,,,,,,,40.75927139356286,-73.96221045553305,"(40.75927139356286, -73.96221045553305)"
29296876,11/16/2014 02:04:47 AM,11/16/2014 02:48:28 AM,NYPD,New York City Police Department,Noise - Commercial,Car/Truck Music,Store/Commercial,11204,2213 65 STREET,65 STREET,BAY PARKWAY,WEST 6 STREET,,,ADDRESS,BROOKLYN,,Precinct,Closed,11/16/2014 10:04:47 AM,11/16/2014 02:09:55 AM,11 BROOKLYN,BROOKLYN,989514,162833,Unspecified,BROOKLYN,Unspecified,Unspecified,Unspecified,Unspecified,Unspecified,Unspecified,Unspecified,Unspecified,Unspecified,N,,,,,,,,,,,,40.6136138136122,-73.98104020391618,"(40.6136138136122, -73.98104020391618)"
29295193,11/16/2014 02:03:36 AM,,NYPD,New York City Police Department,Blocked Driveway,No Access,Street/Sidewalk,10456,1340 COLLEGE AVENUE,COLLEGE AVENUE,EAST 169 STREET,EAST 170 STREET,,,ADDRESS,BRONX,,Precinct,Open,11/16/2014 10:03:36 AM,,04 BRONX,BRONX,1008794,243970,Unspecified,BRONX,Unspecified,Unspecified,Unspecified,Unspecified,Unspecified,Unspecified,Unspecified,Unspecified,Unspecified,N,,,,,,,,,,,,40.83628250225741,-73.9113019078414,"(40.83628250225741, -73.9113019078414)"
29300294,11/16/2014 02:03:14 AM,11/16/2014 02:24:55 AM,NYPD,New York City Police Department,Noise - Commercial,Loud Music/Party,Club/Bar/Restaurant,11215,,,,,4 AVENUE,PRESIDENT STREET,INTERSECTION,BROOKLYN,,Precinct,Closed,11/16/2014 10:03:14 AM,11/16/2014 02:07:44 AM,06 BROOKLYN,BROOKLYN,988834,185846,Unspecified,BROOKLYN,Unspecified,Unspecified,Unspecified,Unspecified,Unspecified,Unspecified,Unspecified,Unspecified,Unspecified,N,,,,,,,,,,,,40.67677991001183,-73.98347377988699,"(40.67677991001183, -73.98347377988699)"
29296083,11/16/2014 02:01:52 AM,,NYPD,New York City Police Department,Blocked Driveway,No Access,Street/Sidewalk,11213,1550 PACIFIC STREET,PACIFIC STREET,ALBANY AVENUE,TROY AVENUE,,,ADDRESS,BROOKLYN,,Precinct,Assigned,11/16/2014 10:01:52 AM,11/16/2014 02:15:13 AM,08 BROOKLYN,BROOKLYN,1001539,185927,Unspecified,BROOKLYN,Unspecified,Unspecified,Unspecified,Unspecified,Unspecified,Unspecified,Unspecified,Unspecified,Unspecified,N,,,,,,,,,,,,40.67698654033831,-73.93766956212707,"(40.67698654033831, -73.93766956212707)"
29300086,11/16/2014 02:01:07 AM,,NYPD,New York City Police Department,Noise - Commercial,Loud Music/Party,Club/Bar/Restaurant,11385,666 SENECA AVENUE,SENECA AVENUE,LINDEN STREET,GATES AVENUE,,,ADDRESS,RIDGEWOOD,,Precinct,Assigned,11/16/2014 10:01:07 AM,11/16/2014 02:41:27 AM,05 QUEENS,QUEENS,1009553,195565,Unspecified,QUEENS,Unspecified,Unspecified,Unspecified,Unspecified,Unspecified,Unspecified,Unspecified,Unspecified,Unspecified,N,,,,,,,,,,,,40.703421337106505,-73.90874124491572,"(40.703421337106505, -73.90874124491572)"
29300409,11/16/2014 01:57:33 AM,11/16/2014 03:02:03 AM,NYPD,New York City Police Department,Noise - Street/Sidewalk,Loud Music/Party,Street/Sidewalk,10040,145-157 NAGLE AVENUE,NAGLE AVENUE,,,,,LATLONG,NEW YORK,,Precinct,Closed,11/16/2014 09:57:33 AM,11/16/2014 03:01:58 AM,01 MANHATTAN,MANHATTAN,1004817,253079,Unspecified,MANHATTAN,Unspecified,Unspecified,Unspecified,Unspecified,Unspecified,Unspecified,Unspecified,Unspecified,Unspecified,N,,,,,,,,,,,,40.861294165586145,-73.92564620080402,"(40.861294165586145, -73.92564620080402)"
29297085,11/16/2014 01:54:25 AM,11/16/2014 02:30:13 AM,NYPD,New York City Police Department,Noise - Street/Sidewalk,Loud Talking,Street/Sidewalk,10032,534 W 159TH ST,W 159TH ST,,,,,LATLONG,NEW YORK,,Precinct,Closed,11/16/2014 09:54:25 AM,11/16/2014 02:07:46 AM,01 MANHATTAN,MANHATTAN,1000077,243338,Unspecified,MANHATTAN,Unspecified,Unspecified,Unspecified,Unspecified,Unspecified,Unspecified,Unspecified,Unspecified,Unspecified,N,,,,,,,,,,,,40.83456776951827,-73.94280523209329,"(40.83456776951827, -73.94280523209329)"
29297222,11/16/2014 01:53:36 AM,,NYPD,New York City Police Department,Blocked Driveway,No Access,Street/Sidewalk,11368,58-38 VAN CLEEF STREET,VAN CLEEF STREET,SAULTELL AVENUE,LONG ISLAND EXPRESSWAY,,,ADDRESS,CORONA,,Precinct,Assigned,11/16/2014 09:53:36 AM,11/16/2014 02:02:06 AM,04 QUEENS,QUEENS,1025992,208786,Unspecified,QUEENS,Unspecified,Unspecified,Unspecified,Unspecified,Unspecified,Unspecified,Unspecified,Unspecified,Unspecified,N,,,,,,,,,,,,40.739647458683855,-73.84936982557248,"(40.739647458683855, -73.84936982557248)"
29299608,11/16/2014 01:52:58 AM,11/16/2014 02:03:17 AM,NYPD,New York City Police Department,Noise - Commercial,Loud Music/Party,Store/Commercial,10009,199 AVENUE A,AVENUE A,EAST 12 STREET,EAST 13 STREET,,,ADDRESS,NEW YORK,,Precinct,Closed,11/16/2014 09:52:58 AM,11/16/2014 02:03:17 AM,03 MANHATTAN,MANHATTAN,989468,204986,Unspecified,MANHATTAN,Unspecified,Unspecified,Unspecified,Unspecified,Unspecified,Unspecified,Unspecified,Unspecified,Unspecified,N,,,,,,,,,,,,40.7293143628722,-73.98117325496355,"(40.7293143628722, -73.98117325496355)"
29298745,11/16/2014 01:52:12 AM,,NYPD,New York City Police Department,Illegal Parking,Commercial Overnight Parking,Street/Sidewalk,11214,84 STREET,84 STREET,23 AVENUE,24 AVENUE,,,BLOCKFACE,BROOKLYN,,Precinct,Assigned,11/16/2014 09:52:12 AM,11/16/2014 02:05:31 AM,11 BROOKLYN,BROOKLYN,987224,158265,Unspecified,BROOKLYN,Unspecified,Unspecified,Unspecified,Unspecified,Unspecified,Unspecified,Unspecified,Unspecified,Unspecified,N,,,,,,,,,,,,40.60107665298695,-73.9892903029337,"(40.60107665298695, -73.9892903029337)"
29298796,11/16/2014 01:50:20 AM,11/16/2014 02:08:53 AM,NYPD,New York City Police Department,Noise - Commercial,Loud Music/Party,Club/Bar/Restaurant,11234,5020 AVENUE N,AVENUE N,UTICA AVENUE,EAST 51 STREET,,,ADDRESS,BROOKLYN,,Precinct,Closed,11/16/2014 09:50:20 AM,11/16/2014 02:08:53 AM,18 BROOKLYN,BROOKLYN,1004632,164789,Unspecified,BROOKLYN,Unspecified,Unspecified,Unspecified,Unspecified,Unspecified,Unspecified,Unspecified,Unspecified,Unspecified,N,,,,,,,,,,,,40.618960747942644,-73.9265825301071,"(40.618960747942644, -73.9265825301071)"
29298543,11/16/2014 01:48:10 AM,11/16/2014 01:48:59 AM,TLC,Taxi and Limousine Commission,Taxi Report,Driver Report,,10001,1 WEST 32 STREET,WEST 32 STREET,5 AVENUE,BROADWAY,,,ADDRESS,NEW YORK,,N/A,Closed,,11/16/2014 01:48:59 AM,05 MANHATTAN,MANHATTAN,988159,211550,Unspecified,MANHATTAN,Unspecified,Unspecified,Unspecified,Unspecified,Unspecified,Unspecified,Unspecified,Unspecified,Unspecified,N,,,,Other,,,,,,,,40.747331591485846,-73.98589236309921,"(40.747331591485846, -73.98589236309921)"
29295347,11/16/2014 01:47:29 AM,11/16/2014 02:15:19 AM,NYPD,New York City Police Department,Noise - Commercial,Loud Talking,Club/Bar/Restaurant,10017,,,,,LEXINGTON AVENUE,EAST   48 STREET,INTERSECTION,NEW YORK,,Precinct,Closed,11/16/2014 09:47:29 AM,11/16/2014 02:15:19 AM,05 MANHATTAN,MANHATTAN,991654,214433,Unspecified,MANHATTAN,Unspecified,Unspecified,Unspecified,Unspecified,Unspecified,Unspecified,Unspecified,Unspecified,Unspecified,N,,,,,,,,,,,,40.75524246160156,-73.97327568440589,"(40.75524246160156, -73.97327568440589)"
29294318,11/16/2014 01:47:24 AM,11/16/2014 01:47:53 AM,TLC,Taxi and Limousine Commission,Taxi Report,Driver Report,,11226,550 OCEAN AVENUE,OCEAN AVENUE,CHURCH AVENUE,TENNIS COURT,,,ADDRESS,BROOKLYN,,N/A,Closed,,11/16/2014 01:47:53 AM,14 BROOKLYN,BROOKLYN,995103,175871,Unspecified,BROOKLYN,Unspecified,Unspecified,Unspecified,Unspecified,Unspecified,Unspecified,Unspecified,Unspecified,Unspecified,N,,,,Other,,,,,,,,40.64939527878987,-73.96088886258141,"(40.64939527878987, -73.96088886258141)"
29299596,11/16/2014 01:46:59 AM,11/16/2014 02:03:16 AM,NYPD,New York City Police Department,Noise - Commercial,Loud Music/Party,Club/Bar/Restaurant,10003,232 EAST 9 STREET,EAST 9 STREET,STUYVESANT STREET,2 AVENUE,,,ADDRESS,NEW YORK,,Precinct,Closed,11/16/2014 09:46:59 AM,11/16/2014 02:03:16 AM,03 MANHATTAN,MANHATTAN,987510,205091,Unspecified,MANHATTAN,Unspecified,Unspecified,Unspecified,Unspecified,Unspecified,Unspecified,Unspecified,Unspecified,Unspecified,N,,,,,,,,,,,,40.72960350054764,-73.9882377434201,"(40.72960350054764, -73.9882377434201)"
29295340,11/16/2014 01:46:36 AM,11/16/2014 03:02:00 AM,NYPD,New York City Police Department,Noise - Commercial,Loud Talking,Club/Bar/Restaurant,10019,738 10 AVENUE,10 AVENUE,WEST 50 STREET,WEST 51 STREET,,,ADDRESS,NEW YORK,,Precinct,Closed,11/16/2014 09:46:36 AM,11/16/2014 03:01:36 AM,04 MANHATTAN,MANHATTAN,986572,217950,Unspecified,MANHATTAN,Unspecified,Unspecified,Unspecified,Unspecified,Unspecified,Unspecified,Unspecified,Unspecified,Unspecified,N,,,,,,,,,,,,40.764898520094874,-73.9916176584863,"(40.764898520094874, -73.9916176584863)"
29296104,11/16/2014 01:46:30 AM,,NYPD,New York City Police Department,Illegal Parking,Commercial Overnight Parking,Street/Sidewalk,11214,85 STREET,85 STREET,23 AVENUE,24 AVENUE,,,BLOCKFACE,BROOKLYN,,Precinct,Assigned,11/16/2014 09:46:30 AM,11/16/2014 01:57:46 AM,11 BROOKLYN,BROOKLYN,987062,158062,Unspecified,BROOKLYN,Unspecified,Unspecified,Unspecified,Unspecified,Unspecified,Unspecified,Unspecified,Unspecified,Unspecified,N,,,,,,,,,,,,40.6005195120504,-73.98987376703289,"(40.6005195120504, -73.98987376703289)"
29296199,11/16/2014 01:45:58 AM,11/16/2014 02:30:14 AM,NYPD,New York City Police Department,Noise - Street/Sidewalk,Loud Music/Party,Street/Sidewalk,10032,157-10 RIVERSIDE DRIVE,RIVERSIDE DRIVE,BEND,WEST 158 STREET,,,ADDRESS,NEW YORK,,Precinct,Closed,11/16/2014 09:45:58 AM,11/16/2014 02:07:48 AM,12 MANHATTAN,MANHATTAN,998435,243713,Unspecified,MANHATTAN,Unspecified,Unspecified,Unspecified,Unspecified,Unspecified,Unspecified,Unspecified,Unspecified,Unspecified,N,,,,,,,,,,,,40.835599826010004,-73.94873820959107,"(40.835599826010004, -73.94873820959107)"
29300637,11/16/2014 01:45:11 AM,,TLC,Taxi and Limousine Commission,For Hire Vehicle Complaint,Driver Complaint,Street,10022,,,,,EAST   60 STREET,2 AVENUE,INTERSECTION,NEW YORK,,N/A,Open,11/30/2014 01:45:11 AM,,08 MANHATTAN,MANHATTAN,994255,216617,Unspecified,MANHATTAN,Unspecified,Unspecified,Unspecified,Unspecified,Unspecified,Unspecified,Unspecified,Unspecified,Unspecified,N,,,,,,,,,,,,40.76123442230889,-73.9638842741059,"(40.76123442230889, -73.9638842741059)"
29295275,11/16/2014 01:44:52 AM,11/16/2014 02:24:57 AM,NYPD,New York City Police Department,Noise - Commercial,Loud Music/Party,Club/Bar/Restaurant,11215,,,,,4 AVENUE,PRESIDENT STREET,INTERSECTION,BROOKLYN,,Precinct,Closed,11/16/2014 09:44:52 AM,11/16/2014 01:55:35 AM,06 BROOKLYN,BROOKLYN,988834,185846,Unspecified,BROOKLYN,Unspecified,Unspecified,Unspecified,Unspecified,Unspecified,Unspecified,Unspecified,Unspecified,Unspecified,N,,,,,,,,,,,,40.67677991001183,-73.98347377988699,"(40.67677991001183, -73.98347377988699)"
29300732,11/16/2014 01:44:46 AM,,NYPD,New York City Police Department,Blocked Driveway,No Access,Street/Sidewalk,10463,,,,,WEST  228 STREET,ADRIAN AVENUE,INTERSECTION,BRONX,,Precinct,Assigned,11/16/2014 09:44:46 AM,11/16/2014 01:55:37 AM,08 BRONX,BRONX,1009143,259107,Unspecified,BRONX,Unspecified,Unspecified,Unspecified,Unspecified,Unspecified,Unspecified,Unspecified,Unspecified,Unspecified,N,,,,,,,,,,,,40.87782803764692,-73.90998446565673,"(40.87782803764692, -73.90998446565673)"
29299652,11/16/2014 01:44:34 AM,,NYPD,New York City Police Department,Blocked Driveway,No Access,Street/Sidewalk,10017,,,,,LEXINGTON AVENUE,EAST   47 STREET,INTERSECTION,NEW YORK,,Precinct,Assigned,11/16/2014 09:44:34 AM,11/16/2014 03:09:50 AM,05 MANHATTAN,MANHATTAN,991527,214206,Unspecified,MANHATTAN,Unspecified,Unspecified,Unspecified,Unspecified,Unspecified,Unspecified,Unspecified,Unspecified,Unspecified,N,,,,,,,,,,,,40.75461950978355,-73.97373432930951,"(40.75461950978355, -73.97373432930951)"
29297769,11/16/2014 01:43:45 AM,,NYPD,New York City Police Department,Blocked Driveway,No Access,Street/Sidewalk,10467,3800 CARPENTER AVENUE,CARPENTER AVENUE,BRONX BOULEVARD,EAST 220 STREET,,,ADDRESS,BRONX,,Precinct,Open,11/16/2014 09:43:45 AM,,12 BRONX,BRONX,1021416,261586,Unspecified,BRONX,Unspecified,Unspecified,Unspecified,Unspecified,Unspecified,Unspecified,Unspecified,Unspecified,Unspecified,N,,,,,,,,,,,,40.88458896447199,-73.86559039482232,"(40.88458896447199, -73.86559039482232)"
29295276,11/16/2014 01:43:04 AM,11/16/2014 01:50:18 AM,NYPD,New York City Police Department,Noise - Commercial,Loud Music/Party,Club/Bar/Restaurant,11216,,,,,ATLANTIC AVENUE,NOSTRAND AVENUE,INTERSECTION,BROOKLYN,,Precinct,Closed,11/16/2014 09:43:04 AM,11/16/2014 01:50:18 AM,03 BROOKLYN,BROOKLYN,998208,186460,Unspecified,BROOKLYN,Unspecified,Unspecified,Unspecified,Unspecified,Unspecified,Unspecified,Unspecified,Unspecified,Unspecified,N,,,,,,,,,,,,40.67845538356709,-73.94967740249261,"(40.67845538356709, -73.94967740249261)"
29294620,11/16/2014 01:41:04 AM,,NYPD,New York City Police Department,Noise - Commercial,Loud Music/Party,Store/Commercial,11234,2149 UTICA AVENUE,UTICA AVENUE,AVENUE M,AVENUE N,,,ADDRESS,BROOKLYN,,Precinct,Assigned,11/16/2014 09:41:04 AM,11/16/2014 01:50:16 AM,18 BROOKLYN,BROOKLYN,1004535,165008,Unspecified,BROOKLYN,Unspecified,Unspecified,Unspecified,Unspecified,Unspecified,Unspecified,Unspecified,Unspecified,Unspecified,N,,,,,,,,,,,,40.619562079806556,-73.9269312730933,"(40.619562079806556, -73.9269312730933)"
29295265,11/16/2014 01:40:07 AM,11/16/2014 02:09:55 AM,NYPD,New York City Police Department,Noise - Commercial,Car/Truck Music,Store/Commercial,11234,5020 AVENUE N,AVENUE N,UTICA AVENUE,EAST 51 STREET,,,ADDRESS,BROOKLYN,,Precinct,Closed,11/16/2014 09:40:07 AM,11/16/2014 02:09:55 AM,18 BROOKLYN,BROOKLYN,1004632,164789,Unspecified,BROOKLYN,Unspecified,Unspecified,Unspecified,Unspecified,Unspecified,Unspecified,Unspecified,Unspecified,Unspecified,N,,,,,,,,,,,,40.618960747942644,-73.9265825301071,"(40.618960747942644, -73.9265825301071)"
29299863,11/16/2014 01:39:37 AM,,NYPD,New York City Police Department,Blocked Driveway,No Access,Street/Sidewalk,10468,2748 CRESTON AVENUE,CRESTON AVENUE,EAST 196 STREET,EAST 197 STREET,,,ADDRESS,BRONX,,Precinct,Open,11/16/2014 09:39:37 AM,,07 BRONX,BRONX,1013748,255988,Unspecified,BRONX,Unspecified,Unspecified,Unspecified,Unspecified,Unspecified,Unspecified,Unspecified,Unspecified,Unspecified,N,,,,,,,,,,,,40.86925315800135,-73.8933460805319,"(40.86925315800135, -73.8933460805319)"
29300592,11/16/2014 01:39:11 AM,11/16/2014 01:55:37 AM,NYPD,New York City Police Department,Noise - Commercial,Loud Music/Party,Club/Bar/Restaurant,10022,1074 FIRST AVENUE,FIRST AVENUE,EAST 58 STREET,EAST 59 STREET,,,ADDRESS,NEW YORK,,Precinct,Closed,11/16/2014 09:39:11 AM,11/16/2014 01:55:37 AM,06 MANHATTAN,MANHATTAN,994719,215902,Unspecified,MANHATTAN,Unspecified,Unspecified,Unspecified,Unspecified,Unspecified,Unspecified,Unspecified,Unspecified,Unspecified,N,,,,,,,,,,,,40.75927139356286,-73.96221045553305,"(40.75927139356286, -73.96221045553305)"
29296593,11/16/2014 01:39:10 AM,,NYPD,New York City Police Department,Noise - Commercial,Loud Music/Party,Club/Bar/Restaurant,11419,115-22 LIBERTY AVENUE,LIBERTY AVENUE,115 STREET,116 STREET,,,ADDRESS,SOUTH RICHMOND HILL,,Precinct,Open,11/16/2014 09:39:10 AM,,10 QUEENS,QUEENS,1032101,189166,Unspecified,QUEENS,Unspecified,Unspecified,Unspecified,Unspecified,Unspecified,Unspecified,Unspecified,Unspecified,Unspecified,N,,,,,,,,,,,,40.68576439562681,-73.82746439483222,"(40.68576439562681, -73.82746439483222)"
29298932,11/16/2014 01:38:45 AM,,DOHMH,Department of Health and Mental Hygiene,Rodent,Condition Attracting Rodents,1-2 Family Dwelling,11208,150 CHESTNUT STREET,CHESTNUT STREET,RIDGEWOOD AVENUE,FULTON STREET,,,ADDRESS,BROOKLYN,,N/A,Pending,12/16/2014 01:38:45 AM,11/16/2014 01:51:21 AM,05 BROOKLYN,BROOKLYN,1018719,188553,Unspecified,BROOKLYN,Unspecified,Unspecified,Unspecified,Unspecified,Unspecified,Unspecified,Unspecified,Unspecified,Unspecified,N,,,,,,,,,,,,40.68414408237858,-73.87571872232184,"(40.68414408237858, -73.87571872232184)"
29296312,11/16/2014 01:38:13 AM,,TLC,Taxi and Limousine Commission,For Hire Vehicle Complaint,Driver Complaint,Street,10036,590 5 AVENUE,5 AVENUE,EAST 47 STREET,EAST 48 STREET,,,ADDRESS,NEW YORK,,N/A,Open,11/30/2014 01:38:13 AM,,05 MANHATTAN,MANHATTAN,990266,215097,Unspecified,MANHATTAN,Unspecified,Unspecified,Unspecified,Unspecified,Unspecified,Unspecified,Unspecified,Unspecified,Unspecified,N,,,,,,,,,,,,40.75706602571357,-73.97828499686521,"(40.75706602571357, -73.97828499686521)"
29299722,11/16/2014 01:38:10 AM,,DOT,Department of Transportation,Street Sign - Damaged,Street Cleaning - ASP,Street,11203,TILDEN AVENUE,TILDEN AVENUE,EAST 35 STREET,BROOKLYN AVENUE,,,BLOCKFACE,BROOKLYN,,N/A,Open,11/30/2014 01:38:10 AM,,17 BROOKLYN,BROOKLYN,999829,175036,Unspecified,BROOKLYN,Unspecified,Unspecified,Unspecified,Unspecified,Unspecified,Unspecified,Unspecified,Unspecified,Unspecified,N,,,,,,,,,,,,40.647096332283034,-73.94385962989188,"(40.647096332283034, -73.94385962989188)"
29299148,11/16/2014 01:37:52 AM,,TLC,Correspondence - Taxi and Limousine Commission,Taxi Compliment,Driver Compliment,,,,,,,,,,,,N/A,Open,,,0 Unspecified,Unspecified,,,Unspecified,Unspecified,Unspecified,Unspecified,Unspecified,Unspecified,Unspecified,Unspecified,Unspecified,Unspecified,Unspecified,N,,,,,,,,,,,,,,
29299681,11/16/2014 01:36:04 AM,11/16/2014 02:03:14 AM,NYPD,New York City Police Department,Noise - Commercial,Loud Music/Party,Club/Bar/Restaurant,10009,151 AVENUE C,AVENUE C,EAST 9 STREET,EAST 10 STREET,,,ADDRESS,NEW YORK,,Precinct,Closed,11/16/2014 09:36:04 AM,11/16/2014 02:03:15 AM,03 MANHATTAN,MANHATTAN,990402,203609,Unspecified,MANHATTAN,Unspecified,Unspecified,Unspecified,Unspecified,Unspecified,Unspecified,Unspecified,Unspecified,Unspecified,N,,,,,,,,,,,,40.72553423319804,-73.97780460597261,"(40.72553423319804, -73.97780460597261)"
29299949,11/16/2014 01:34:37 AM,,TLC,Taxi and Limousine Commission,Taxi Complaint,Driver Complaint,,10003,93 1 AVENUE,1 AVENUE,EAST 5 STREET,EAST 6 STREET,,,ADDRESS,NEW YORK,,N/A,Open,11/30/2014 01:34:37 AM,,03 MANHATTAN,MANHATTAN,988040,203845,Unspecified,MANHATTAN,Unspecified,Unspecified,Unspecified,Unspecified,Unspecified,Unspecified,Unspecified,Unspecified,Unspecified,N,,,,Other,,,,,,,,40.72618332317361,-73.98632617650456,"(40.72618332317361, -73.98632617650456)"
29295165,11/16/2014 01:33:27 AM,,DOHMH,Department of Health and Mental Hygiene,Food Establishment,Food Contains Foreign Object,Restaurant/Bar/Deli/Bakery,11365,70-47 PARSONS BOULEVARD,PARSONS BOULEVARD,JEWEL AVENUE,71 AVENUE,,,ADDRESS,FRESH MEADOWS,,N/A,Open,12/23/2014 01:33:27 AM,,08 QUEENS,QUEENS,1036666,205473,Unspecified,QUEENS,Unspecified,Unspecified,Unspecified,Unspecified,Unspecified,Unspecified,Unspecified,Unspecified,Unspecified,N,,,,,,,,,,,,40.730497291070215,-73.81087754986541,"(40.730497291070215, -73.81087754986541)"
29299811,11/16/2014 01:33:09 AM,,TLC,Taxi and Limousine Commission,For Hire Vehicle Complaint,Driver Complaint,Street,10017,220 EAST 42 STREET,EAST 42 STREET,3 AVENUE,2 AVENUE,,,ADDRESS,NEW YORK,,N/A,Open,11/30/2014 01:33:09 AM,,06 MANHATTAN,MANHATTAN,991660,212616,Unspecified,MANHATTAN,Unspecified,Unspecified,Unspecified,Unspecified,Unspecified,Unspecified,Unspecified,Unspecified,Unspecified,N,,,,,,,,,,,,40.75025525224784,-73.97325603005623,"(40.75025525224784, -73.97325603005623)"
29297434,11/16/2014 01:32:17 AM,,TLC,Taxi and Limousine Commission,Taxi Complaint,Driver Complaint,,10282,2 RIVER TERRACE,RIVER TERRACE,VESEY STREET,MURRAY STREET,,,ADDRESS,NEW YORK,,N/A,Open,11/30/2014 01:32:17 AM,,01 MANHATTAN,MANHATTAN,979636,199967,Unspecified,MANHATTAN,Unspecified,Unspecified,Unspecified,Unspecified,Unspecified,Unspecified,Unspecified,Unspecified,Unspecified,N,,,,Other,,,,,,,,40.71553875732529,-74.01664404904123,"(40.71553875732529, -74.01664404904123)"
29297021,11/16/2014 01:32:06 AM,11/16/2014 02:04:21 AM,NYPD,New York City Police Department,Noise - Commercial,Banging/Pounding,Club/Bar/Restaurant,10011,453 WEST 17 STREET,WEST 17 STREET,9 AVENUE,10 AVENUE,,,ADDRESS,NEW YORK,,Precinct,Closed,11/16/2014 09:32:06 AM,11/16/2014 02:04:21 AM,04 MANHATTAN,MANHATTAN,982595,210233,Unspecified,MANHATTAN,Unspecified,Unspecified,Unspecified,Unspecified,Unspecified,Unspecified,Unspecified,Unspecified,Unspecified,N,,,,,,,,,,,,40.743717465597626,-74.00597259463365,"(40.743717465597626, -74.00597259463365)"
29296572,11/16/2014 01:31:25 AM,,DOT,Department of Transportation,Street Condition,Defective Hardware,Street,10019,535 WEST 52 STREET,WEST 52 STREET,10 AVENUE,11 AVENUE,,,ADDRESS,NEW YORK,,N/A,Open,11/26/2014 01:31:25 AM,,04 MANHATTAN,MANHATTAN,986369,218557,Unspecified,MANHATTAN,Unspecified,Unspecified,Unspecified,Unspecified,Unspecified,Unspecified,Unspecified,Unspecified,Unspecified,N,,,,,,,,,,,,40.766564629094006,-73.99235029026286,"(40.766564629094006, -73.99235029026286)"
29297423,11/16/2014 01:31:01 AM,,DOT,Department of Transportation,Street Condition,Defective Hardware,Street,10014,2 GROVE STREET,GROVE STREET,HUDSON STREET,GROVE COURT,,,ADDRESS,NEW YORK,,N/A,Open,11/26/2014 01:31:01 AM,,02 MANHATTAN,MANHATTAN,982477,206113,Unspecified,MANHATTAN,Unspecified,Unspecified,Unspecified,Unspecified,Unspecified,Unspecified,Unspecified,Unspecified,Unspecified,N,,,,,,,,,,,,40.73240906321199,-74.00639734936104,"(40.73240906321199, -74.00639734936104)"
29299739,11/16/2014 01:30:45 AM,11/16/2014 02:11:01 AM,NYPD,New York City Police Department,Noise - Commercial,Loud Music/Party,Store/Commercial,11234,,,,,EAST   51 STREET,AVENUE N,INTERSECTION,BROOKLYN,,Precinct,Closed,11/16/2014 09:30:45 AM,11/16/2014 02:11:01 AM,18 BROOKLYN,BROOKLYN,1004828,164808,Unspecified,BROOKLYN,Unspecified,Unspecified,Unspecified,Unspecified,Unspecified,Unspecified,Unspecified,Unspecified,Unspecified,N,,,,,,,,,,,,40.61901244591224,-73.9258764660489,"(40.61901244591224, -73.9258764660489)"
29295583,11/16/2014 01:30:44 AM,11/16/2014 02:24:56 AM,NYPD,New York City Police Department,Blocked Driveway,No Access,Street/Sidewalk,11369,27-11 MCINTOSH STREET,MCINTOSH STREET,27 AVENUE,29 AVENUE,,,ADDRESS,EAST ELMHURST,,Precinct,Closed,11/16/2014 09:30:44 AM,11/16/2014 01:39:07 AM,03 QUEENS,QUEENS,1020743,217293,Unspecified,QUEENS,Unspecified,Unspecified,Unspecified,Unspecified,Unspecified,Unspecified,Unspecified,Unspecified,Unspecified,N,,,,,,,,,,,,40.76302021274323,-73.86826516921803,"(40.76302021274323, -73.86826516921803)"
29294806,11/16/2014 01:29:56 AM,,CHALL,CHALL,Opinion for the Mayor,PUBLICSAFETY,,,,,,,,,,,,,Email Sent,11/30/2014 01:30:56 AM,,0 Unspecified,Unspecified,,,Unspecified,Unspecified,Unspecified,Unspecified,Unspecified,Unspecified,Unspecified,Unspecified,Unspecified,Unspecified,Unspecified,,,,,,,,,1-1-1035128797,,,,,,
29297876,11/16/2014 01:29:18 AM,11/16/2014 02:09:57 AM,NYPD,New York City Police Department,Noise - Commercial,Loud Music/Party,Store/Commercial,11234,5020 AVENUE N,AVENUE N,UTICA AVENUE,EAST 51 STREET,,,ADDRESS,BROOKLYN,,Precinct,Closed,11/16/2014 09:29:18 AM,11/16/2014 02:09:57 AM,18 BROOKLYN,BROOKLYN,1004632,164789,Unspecified,BROOKLYN,Unspecified,Unspecified,Unspecified,Unspecified,Unspecified,Unspecified,Unspecified,Unspecified,Unspecified,N,,,,,,,,,,,,40.618960747942644,-73.9265825301071,"(40.618960747942644, -73.9265825301071)"
29294609,11/16/2014 01:26:21 AM,11/16/2014 02:47:18 AM,NYPD,New York City Police Department,Blocked Driveway,No Access,Street/Sidewalk,11356,302 SOUNDVIEW LANE,SOUNDVIEW LANE,SUNRISE COURT,PARK CRESCENT,,,ADDRESS,COLLEGE POINT,,Precinct,Closed,11/16/2014 09:26:21 AM,11/16/2014 01:35:29 AM,07 QUEENS,QUEENS,1026270,228950,Unspecified,QUEENS,Unspecified,Unspecified,Unspecified,Unspecified,Unspecified,Unspecified,Unspecified,Unspecified,Unspecified,N,,,,,,,,,,,,40.79499100923781,-73.84824057595377,"(40.79499100923781, -73.84824057595377)"
29300748,11/16/2014 01:25:26 AM,11/16/2014 02:05:29 AM,NYPD,New York City Police Department,Blocked Driveway,No Access,Street/Sidewalk,11370,30-24 70 STREET,70 STREET,30 AVENUE,31 AVENUE,,,ADDRESS,EAST ELMHURST,,Precinct,Closed,11/16/2014 09:25:26 AM,11/16/2014 02:05:29 AM,03 QUEENS,QUEENS,1012660,215965,Unspecified,QUEENS,Unspecified,Unspecified,Unspecified,Unspecified,Unspecified,Unspecified,Unspecified,Unspecified,Unspecified,N,,,,,,,,,,,,40.75940486571964,-73.89744929586567,"(40.75940486571964, -73.89744929586567)"
29296555,11/16/2014 01:23:51 AM,11/16/2014 01:47:50 AM,NYPD,New York City Police Department,Noise - Vehicle,Engine Idling,Street/Sidewalk,11412,110-35 199 STREET,199 STREET,HOLLIS AVENUE,111 AVENUE,,,ADDRESS,SAINT ALBANS,,Precinct,Closed,11/16/2014 09:23:51 AM,11/16/2014 01:47:50 AM,12 QUEENS,QUEENS,1051332,196327,Unspecified,QUEENS,Unspecified,Unspecified,Unspecified,Unspecified,Unspecified,Unspecified,Unspecified,Unspecified,Unspecified,N,,,,,,,,,,,,40.705294744748095,-73.75805246310051,"(40.705294744748095, -73.75805246310051)"
29300504,11/16/2014 01:23:38 AM,,NYPD,New York City Police Department,Blocked Driveway,No Access,Street/Sidewalk,10469,,,,,EAST  219 STREET,PAULDING AVENUE,INTERSECTION,BRONX,,Precinct,Open,11/16/2014 09:23:38 AM,,12 BRONX,BRONX,1024470,260264,Unspecified,BRONX,Unspecified,Unspecified,Unspecified,Unspecified,Unspecified,Unspecified,Unspecified,Unspecified,Unspecified,N,,,,,,,,,,,,40.880947101651174,-73.85455366304588,"(40.880947101651174, -73.85455366304588)"
29300498,11/16/2014 01:23:07 AM,11/16/2014 01:33:08 AM,NYPD,New York City Police Department,Noise - Commercial,Loud Music/Party,Store/Commercial,10029,2117 3RD AVENUE,3RD AVENUE,,,,,LATLONG,NEW YORK,,Precinct,Closed,11/16/2014 09:23:07 AM,11/16/2014 01:33:08 AM,01 MANHATTAN,MANHATTAN,1000876,229846,Unspecified,MANHATTAN,Unspecified,Unspecified,Unspecified,Unspecified,Unspecified,Unspecified,Unspecified,Unspecified,Unspecified,N,,,,,,,,,,,,40.79753455065016,-73.9399512725711,"(40.79753455065016, -73.9399512725711)"
29295277,11/16/2014 01:22:39 AM,11/16/2014 01:33:11 AM,NYPD,New York City Police Department,Noise - Commercial,Loud Music/Party,Store/Commercial,10029,2117 3RD AVENUE,3RD AVENUE,,,,,LATLONG,NEW YORK,,Precinct,Closed,11/16/2014 09:22:39 AM,11/16/2014 01:33:11 AM,01 MANHATTAN,MANHATTAN,1000876,229846,Unspecified,MANHATTAN,Unspecified,Unspecified,Unspecified,Unspecified,Unspecified,Unspecified,Unspecified,Unspecified,Unspecified,N,,,,,,,,,,,,40.79753455065016,-73.9399512725711,"(40.79753455065016, -73.9399512725711)"
29299604,11/16/2014 01:22:20 AM,,DOHMH,Department of Health and Mental Hygiene,Rodent,Signs of Rodents,Commercial Building,10029,2117 3RD AVENUE,3RD AVENUE,,,,,LATLONG,NEW YORK,,N/A,Pending,12/16/2014 01:22:20 AM,11/16/2014 01:26:23 AM,01 MANHATTAN,MANHATTAN,1000876,229846,Unspecified,MANHATTAN,Unspecified,Unspecified,Unspecified,Unspecified,Unspecified,Unspecified,Unspecified,Unspecified,Unspecified,N,,,,,,,,,,,,40.79753455065016,-73.9399512725711,"(40.79753455065016, -73.9399512725711)"
29300106,11/16/2014 01:21:46 AM,,TLC,Taxi and Limousine Commission,Taxi Complaint,Driver Complaint,,10011,,,,,WEST   14 STREET,7 AVENUE,INTERSECTION,NEW YORK,,N/A,Open,11/30/2014 01:21:46 AM,,02 MANHATTAN,MANHATTAN,984338,208351,Unspecified,MANHATTAN,Unspecified,Unspecified,Unspecified,Unspecified,Unspecified,Unspecified,Unspecified,Unspecified,Unspecified,N,,,,Other,,,,,,,,40.738551998380736,-73.9996824485918,"(40.738551998380736, -73.9996824485918)"
29296870,11/16/2014 01:21:41 AM,,NYPD,New York City Police Department,Blocked Driveway,No Access,Street/Sidewalk,10466,,,,,EAST  224 STREET,BRONX BOULEVARD,INTERSECTION,BRONX,,Precinct,Open,11/16/2014 09:21:41 AM,,12 BRONX,BRONX,1021688,262938,Unspecified,BRONX,Unspecified,Unspecified,Unspecified,Unspecified,Unspecified,Unspecified,Unspecified,Unspecified,Unspecified,N,,,,,,,,,,,,40.88829862604045,-73.86459915967544,"(40.88829862604045, -73.86459915967544)"
29300297,11/16/2014 01:21:34 AM,11/16/2014 01:33:12 AM,NYPD,New York City Police Department,Noise - Commercial,Loud Music/Party,Store/Commercial,10029,2117 3RD AVENUE,3RD AVENUE,,,,,LATLONG,NEW YORK,,Precinct,Closed,11/16/2014 09:21:34 AM,11/16/2014 01:33:12 AM,01 MANHATTAN,MANHATTAN,1000876,229846,Unspecified,MANHATTAN,Unspecified,Unspecified,Unspecified,Unspecified,Unspecified,Unspecified,Unspecified,Unspecified,Unspecified,N,,,,,,,,,,,,40.79753455065016,-73.9399512725711,"(40.79753455065016, -73.9399512725711)"
29300600,11/16/2014 01:21:12 AM,11/16/2014 01:33:13 AM,NYPD,New York City Police Department,Noise - Commercial,Loud Music/Party,Store/Commercial,10029,2117 3RD AVENUE,3RD AVENUE,,,,,LATLONG,NEW YORK,,Precinct,Closed,11/16/2014 09:21:12 AM,11/16/2014 01:33:14 AM,01 MANHATTAN,MANHATTAN,1000876,229846,Unspecified,MANHATTAN,Unspecified,Unspecified,Unspecified,Unspecified,Unspecified,Unspecified,Unspecified,Unspecified,Unspecified,N,,,,,,,,,,,,40.79753455065016,-73.9399512725711,"(40.79753455065016, -73.9399512725711)"
29296174,11/16/2014 01:20:52 AM,11/16/2014 01:33:14 AM,NYPD,New York City Police Department,Noise - Commercial,Loud Music/Party,Store/Commercial,10029,2117 3RD AVENUE,3RD AVENUE,,,,,LATLONG,NEW YORK,,Precinct,Closed,11/16/2014 09:20:52 AM,11/16/2014 01:33:14 AM,01 MANHATTAN,MANHATTAN,1000876,229846,Unspecified,MANHATTAN,Unspecified,Unspecified,Unspecified,Unspecified,Unspecified,Unspecified,Unspecified,Unspecified,Unspecified,N,,,,,,,,,,,,40.79753455065016,-73.9399512725711,"(40.79753455065016, -73.9399512725711)"
29296943,11/16/2014 01:20:30 AM,11/16/2014 01:34:19 AM,NYPD,New York City Police Department,Noise - Commercial,Loud Music/Party,Store/Commercial,10029,2117 3RD AVENUE,3RD AVENUE,,,,,LATLONG,NEW YORK,,Precinct,Closed,11/16/2014 09:20:30 AM,11/16/2014 01:34:19 AM,01 MANHATTAN,MANHATTAN,1000876,229846,Unspecified,MANHATTAN,Unspecified,Unspecified,Unspecified,Unspecified,Unspecified,Unspecified,Unspecified,Unspecified,Unspecified,N,,,,,,,,,,,,40.79753455065016,-73.9399512725711,"(40.79753455065016, -73.9399512725711)"
29295294,11/16/2014 01:20:09 AM,11/16/2014 01:34:20 AM,NYPD,New York City Police Department,Noise - Commercial,Loud Music/Party,Store/Commercial,10029,2117 3RD AVENUE,3RD AVENUE,,,,,LATLONG,NEW YORK,,Precinct,Closed,11/16/2014 09:20:09 AM,11/16/2014 01:34:20 AM,01 MANHATTAN,MANHATTAN,1000876,229846,Unspecified,MANHATTAN,Unspecified,Unspecified,Unspecified,Unspecified,Unspecified,Unspecified,Unspecified,Unspecified,Unspecified,N,,,,,,,,,,,,40.79753455065016,-73.9399512725711,"(40.79753455065016, -73.9399512725711)"
29294369,11/16/2014 01:19:43 AM,11/16/2014 01:36:53 AM,NYPD,New York City Police Department,Noise - Commercial,Loud Music/Party,Store/Commercial,10029,2117 3RD AVENUE,3RD AVENUE,,,,,LATLONG,NEW YORK,,Precinct,Closed,11/16/2014 09:19:43 AM,11/16/2014 01:36:54 AM,01 MANHATTAN,MANHATTAN,1000876,229846,Unspecified,MANHATTAN,Unspecified,Unspecified,Unspecified,Unspecified,Unspecified,Unspecified,Unspecified,Unspecified,Unspecified,N,,,,,,,,,,,,40.79753455065016,-73.9399512725711,"(40.79753455065016, -73.9399512725711)"
29297848,11/16/2014 01:19:37 AM,11/16/2014 01:55:33 AM,NYPD,New York City Police Department,Noise - Commercial,Loud Music/Party,Club/Bar/Restaurant,10009,221 AVENUE B,AVENUE B,EAST 13 STREET,EAST 14 STREET,,,ADDRESS,NEW YORK,,Precinct,Closed,11/16/2014 09:19:37 AM,11/16/2014 01:55:33 AM,03 MANHATTAN,MANHATTAN,990253,204867,Unspecified,MANHATTAN,Unspecified,Unspecified,Unspecified,Unspecified,Unspecified,Unspecified,Unspecified,Unspecified,Unspecified,N,,,,,,,,,,,,40.728987239037195,-73.97834105098839,"(40.728987239037195, -73.97834105098839)"
29297046,11/16/2014 01:19:12 AM,11/16/2014 01:36:52 AM,NYPD,New York City Police Department,Noise - Commercial,Loud Music/Party,Store/Commercial,10029,2117 3RD AVENUE,3RD AVENUE,,,,,LATLONG,NEW YORK,,Precinct,Closed,11/16/2014 09:19:12 AM,11/16/2014 01:36:52 AM,01 MANHATTAN,MANHATTAN,1000876,229846,Unspecified,MANHATTAN,Unspecified,Unspecified,Unspecified,Unspecified,Unspecified,Unspecified,Unspecified,Unspecified,Unspecified,N,,,,,,,,,,,,40.79753455065016,-73.9399512725711,"(40.79753455065016, -73.9399512725711)"
29295299,11/16/2014 01:18:47 AM,11/16/2014 01:36:52 AM,NYPD,New York City Police Department,Noise - Commercial,Loud Music/Party,Store/Commercial,10029,2117 3RD AVENUE,3RD AVENUE,,,,,LATLONG,NEW YORK,,Precinct,Closed,11/16/2014 09:18:47 AM,11/16/2014 01:36:52 AM,01 MANHATTAN,MANHATTAN,1000876,229846,Unspecified,MANHATTAN,Unspecified,Unspecified,Unspecified,Unspecified,Unspecified,Unspecified,Unspecified,Unspecified,Unspecified,N,,,,,,,,,,,,40.79753455065016,-73.9399512725711,"(40.79753455065016, -73.9399512725711)"
29300296,11/16/2014 01:18:27 AM,11/16/2014 01:36:50 AM,NYPD,New York City Police Department,Noise - Commercial,Loud Music/Party,Store/Commercial,10029,2117 3RD AVENUE,3RD AVENUE,,,,,LATLONG,NEW YORK,,Precinct,Closed,11/16/2014 09:18:27 AM,11/16/2014 01:36:50 AM,01 MANHATTAN,MANHATTAN,1000876,229846,Unspecified,MANHATTAN,Unspecified,Unspecified,Unspecified,Unspecified,Unspecified,Unspecified,Unspecified,Unspecified,Unspecified,N,,,,,,,,,,,,40.79753455065016,-73.9399512725711,"(40.79753455065016, -73.9399512725711)"
29296463,11/16/2014 01:18:09 AM,11/16/2014 01:18:40 AM,HRA,HRA Benefit Card Replacement,Benefit Card Replacement,Medicaid,NYC Street Address,,,,,,,,,,,N/A,Closed,,,0 Unspecified,Unspecified,,,Unspecified,Unspecified,Unspecified,Unspecified,Unspecified,Unspecified,Unspecified,Unspecified,Unspecified,Unspecified,Unspecified,N,,,,,,,,,,,,,,
29299801,11/16/2014 01:18:04 AM,,NYPD,New York City Police Department,Noise - Commercial,Loud Music/Party,Store/Commercial,11249,395 WYTHE AVENUE,WYTHE AVENUE,,,,,LATLONG,BROOKLYN,,Precinct,Assigned,11/16/2014 09:18:04 AM,11/16/2014 01:56:44 AM,01 BROOKLYN,BROOKLYN,993575,198372,Unspecified,BROOKLYN,Unspecified,Unspecified,Unspecified,Unspecified,Unspecified,Unspecified,Unspecified,Unspecified,Unspecified,N,,,,,,,,,,,,40.71115715180471,-73.96636420505655,"(40.71115715180471, -73.96636420505655)"
29298882,11/16/2014 01:16:10 AM,,NYPD,New York City Police Department,Blocked Driveway,Partial Access,Street/Sidewalk,11221,24 PATCHEN AVENUE,PATCHEN AVENUE,KOSSUTH PLACE,VAN BUREN STREET,,,ADDRESS,BROOKLYN,,Precinct,Open,11/16/2014 09:16:10 AM,,03 BROOKLYN,BROOKLYN,1004252,191377,Unspecified,BROOKLYN,Unspecified,Unspecified,Unspecified,Unspecified,Unspecified,Unspecified,Unspecified,Unspecified,Unspecified,N,,,,,,,,,,,,40.691939826594414,-73.92787245898104,"(40.691939826594414, -73.92787245898104)"
29299810,11/16/2014 01:15:12 AM,,TLC,Taxi and Limousine Commission,For Hire Vehicle Complaint,Driver Complaint,Street,10036,590 5 AVENUE,5 AVENUE,EAST 47 STREET,EAST 48 STREET,,,ADDRESS,NEW YORK,,N/A,Open,11/30/2014 01:15:12 AM,,05 MANHATTAN,MANHATTAN,990266,215097,Unspecified,MANHATTAN,Unspecified,Unspecified,Unspecified,Unspecified,Unspecified,Unspecified,Unspecified,Unspecified,Unspecified,N,,,,,,,,,,,,40.75706602571357,-73.97828499686521,"(40.75706602571357, -73.97828499686521)"
29300591,11/16/2014 01:13:56 AM,11/16/2014 01:33:04 AM,NYPD,New York City Police Department,Noise - Commercial,Loud Music/Party,Club/Bar/Restaurant,10012,210 ELIZABETH STREET,ELIZABETH STREET,SPRING STREET,PRINCE STREET,,,ADDRESS,NEW YORK,,Precinct,Closed,11/16/2014 09:13:56 AM,11/16/2014 01:33:04 AM,02 MANHATTAN,MANHATTAN,985821,202406,Unspecified,MANHATTAN,Unspecified,Unspecified,Unspecified,Unspecified,Unspecified,Unspecified,Unspecified,Unspecified,Unspecified,N,,,,,,,,,,,,40.72223428946961,-73.99433237367849,"(40.72223428946961, -73.99433237367849)"
29296242,11/16/2014 01:13:40 AM,,DPR,Department of Parks and Recreation,Maintenance or Facility,Structure - Outdoors,Park,11201,,,,,,,,BROOKLYN,,N/A,Open,11/30/2014 01:13:40 AM,,06 BROOKLYN,BROOKLYN,,,Cobble Hill Park,BROOKLYN,Cobble Hill Park,B326,,,7189658900,"Congress and Clinton Streets, Verandah Place",BROOKLYN,NY,11201,N,,,,,,,,,,,,,,
29298699,11/16/2014 01:12:12 AM,11/16/2014 03:00:56 AM,NYPD,New York City Police Department,Noise - Street/Sidewalk,Loud Talking,Street/Sidewalk,10040,65 ARDEN STREET,ARDEN STREET,,,,,LATLONG,NEW YORK,,Precinct,Closed,11/16/2014 09:12:12 AM,11/16/2014 03:00:29 AM,01 MANHATTAN,MANHATTAN,1004230,253701,Unspecified,MANHATTAN,Unspecified,Unspecified,Unspecified,Unspecified,Unspecified,Unspecified,Unspecified,Unspecified,Unspecified,N,,,,,,,,,,,,40.86300271536806,-73.9277664674183,"(40.86300271536806, -73.9277664674183)"
29294378,11/16/2014 01:11:09 AM,11/16/2014 01:50:09 AM,NYPD,New York City Police Department,Noise - Commercial,Loud Music/Party,Club/Bar/Restaurant,10018,506 9 AVENUE,9 AVENUE,WEST 38 STREET,WEST 39 STREET,,,ADDRESS,NEW YORK,,Precinct,Closed,11/16/2014 09:11:09 AM,11/16/2014 01:50:09 AM,04 MANHATTAN,MANHATTAN,985822,214739,Unspecified,MANHATTAN,Unspecified,Unspecified,Unspecified,Unspecified,Unspecified,Unspecified,Unspecified,Unspecified,Unspecified,N,,,,,,,,,,,,40.75608531391131,-73.99432588397273,"(40.75608531391131, -73.99432588397273)"
29294507,11/16/2014 01:09:58 AM,11/16/2014 02:30:18 AM,NYPD,New York City Police Department,Noise - Street/Sidewalk,Loud Music/Party,Street/Sidewalk,10032,507 W 169TH ST,W 169TH ST,,,,,LATLONG,NEW YORK,,Precinct,Closed,11/16/2014 09:09:58 AM,11/16/2014 01:41:20 AM,01 MANHATTAN,MANHATTAN,1001739,245622,Unspecified,MANHATTAN,Unspecified,Unspecified,Unspecified,Unspecified,Unspecified,Unspecified,Unspecified,Unspecified,Unspecified,N,,,,,,,,,,,,40.84083355051275,-73.93679323156091,"(40.84083355051275, -73.93679323156091)"
29300590,11/16/2014 01:09:18 AM,11/16/2014 01:55:34 AM,NYPD,New York City Police Department,Noise - Commercial,Loud Music/Party,Club/Bar/Restaurant,10003,60 3 AVENUE,3 AVENUE,EAST 10 STREET,EAST 11 STREET,,,ADDRESS,NEW YORK,,Precinct,Closed,11/16/2014 09:09:18 AM,11/16/2014 01:55:34 AM,03 MANHATTAN,MANHATTAN,987364,205648,Unspecified,MANHATTAN,Unspecified,Unspecified,Unspecified,Unspecified,Unspecified,Unspecified,Unspecified,Unspecified,Unspecified,N,,,,,,,,,,,,40.73113238181391,-73.98876426154811,"(40.73113238181391, -73.98876426154811)"
29295536,11/16/2014 01:06:32 AM,,NYPD,New York City Police Department,Noise - Commercial,Loud Music/Party,Store/Commercial,11220,542 60 STREET,60 STREET,5 AVENUE,6 AVENUE,,,ADDRESS,BROOKLYN,,Precinct,Open,11/16/2014 09:06:32 AM,,07 BROOKLYN,BROOKLYN,980037,172037,Unspecified,BROOKLYN,Unspecified,Unspecified,Unspecified,Unspecified,Unspecified,Unspecified,Unspecified,Unspecified,Unspecified,N,,,,,,,,,,,,40.63887742255352,-74.01518006500135,"(40.63887742255352, -74.01518006500135)"
29300067,11/16/2014 01:06:04 AM,,NYPD,New York City Police Department,Noise - Commercial,Loud Music/Party,Club/Bar/Restaurant,11238,629 VANDERBILT AVENUE,VANDERBILT AVENUE,ST MARKS AVENUE,PROSPECT PLACE,,,ADDRESS,BROOKLYN,,Precinct,Assigned,11/16/2014 09:06:04 AM,11/16/2014 02:05:35 AM,08 BROOKLYN,BROOKLYN,992953,186396,Unspecified,BROOKLYN,Unspecified,Unspecified,Unspecified,Unspecified,Unspecified,Unspecified,Unspecified,Unspecified,Unspecified,N,,,,,,,,,,,,40.67828644438301,-73.96862326680458,"(40.67828644438301, -73.96862326680458)"
29294632,11/16/2014 01:04:26 AM,11/16/2014 01:46:44 AM,NYPD,New York City Police Department,Blocked Driveway,No Access,Street/Sidewalk,11358,35-58 165 STREET,165 STREET,35 AVENUE,CROCHERON AVENUE,,,ADDRESS,FLUSHING,,Precinct,Closed,11/16/2014 09:04:26 AM,11/16/2014 01:46:44 AM,07 QUEENS,QUEENS,1039464,217656,Unspecified,QUEENS,Unspecified,Unspecified,Unspecified,Unspecified,Unspecified,Unspecified,Unspecified,Unspecified,Unspecified,N,,,,,,,,,,,,40.76391945517896,-73.80068208461742,"(40.76391945517896, -73.80068208461742)"
29297866,11/16/2014 01:02:43 AM,,NYPD,New York City Police Department,Noise - Commercial,Loud Music/Party,Store/Commercial,11206,25 BOGART STREET,BOGART STREET,,,,,LATLONG,BROOKLYN,,Precinct,Assigned,11/16/2014 09:02:43 AM,11/16/2014 01:12:22 AM,01 BROOKLYN,BROOKLYN,1002769,195812,Unspecified,BROOKLYN,Unspecified,Unspecified,Unspecified,Unspecified,Unspecified,Unspecified,Unspecified,Unspecified,Unspecified,N,,,,,,,,,,,,40.70411609216321,-73.93320798496102,"(40.70411609216321, -73.93320798496102)"
29294857,11/16/2014 01:02:36 AM,,NYPD,New York City Police Department,Noise - Commercial,Loud Music/Party,Club/Bar/Restaurant,11238,917 FULTON STREET,FULTON STREET,CLINTON AVENUE,WAVERLY AVENUE,,,ADDRESS,BROOKLYN,,Precinct,Assigned,11/16/2014 09:02:36 AM,11/16/2014 01:23:00 AM,02 BROOKLYN,BROOKLYN,993549,188260,Unspecified,BROOKLYN,Unspecified,Unspecified,Unspecified,Unspecified,Unspecified,Unspecified,Unspecified,Unspecified,Unspecified,N,,,,,,,,,,,,40.68340209470441,-73.96647194921741,"(40.68340209470441, -73.96647194921741)"
29296295,11/16/2014 01:01:27 AM,11/16/2014 03:00:55 AM,NYPD,New York City Police Department,Noise - Street/Sidewalk,Loud Music/Party,Street/Sidewalk,10040,63-199 ELLWOOD ST,ELLWOOD ST,,,,,LATLONG,NEW YORK,,Precinct,Closed,11/16/2014 09:01:27 AM,11/16/2014 03:00:15 AM,01 MANHATTAN,MANHATTAN,1003781,253243,Unspecified,MANHATTAN,Unspecified,Unspecified,Unspecified,Unspecified,Unspecified,Unspecified,Unspecified,Unspecified,Unspecified,N,,,,,,,,,,,,40.861746648826795,-73.92939106746229,"(40.861746648826795, -73.92939106746229)"
29296086,11/16/2014 01:01:16 AM,11/16/2014 02:00:59 AM,NYPD,New York City Police Department,Illegal Parking,Commercial Overnight Parking,Street/Sidewalk,11375,67-77 FLEET STREET,FLEET STREET,YELLOWSTONE BOULEVARD,68 AVENUE,,,ADDRESS,FOREST HILLS,,Precinct,Closed,11/16/2014 09:01:16 AM,11/16/2014 02:00:59 AM,06 QUEENS,QUEENS,1024670,201303,Unspecified,QUEENS,Unspecified,Unspecified,Unspecified,Unspecified,Unspecified,Unspecified,Unspecified,Unspecified,Unspecified,N,,,,,,,,,,,,40.71911462172415,-73.85418533510212,"(40.71911462172415, -73.85418533510212)"
29295541,11/16/2014 01:01:05 AM,11/16/2014 01:19:32 AM,NYPD,New York City Police Department,Blocked Driveway,No Access,Street/Sidewalk,11236,1433 EAST 100 STREET,EAST 100 STREET,AVENUE N,SEAVIEW AVENUE,,,ADDRESS,BROOKLYN,,Precinct,Closed,11/16/2014 09:01:05 AM,11/16/2014 01:19:32 AM,18 BROOKLYN,BROOKLYN,1015189,171148,Unspecified,BROOKLYN,Unspecified,Unspecified,Unspecified,Unspecified,Unspecified,Unspecified,Unspecified,Unspecified,Unspecified,N,,,,,,,,,,,,40.63638427519921,-73.88852632119408,"(40.63638427519921, -73.88852632119408)"
29296252,11/16/2014 12:59:58 AM,,NYPD,New York City Police Department,Noise - Commercial,Loud Music/Party,Store/Commercial,11238,921 FULTON STREET,FULTON STREET,,,,,LATLONG,BROOKLYN,,Precinct,Assigned,11/16/2014 08:59:58 AM,11/16/2014 01:21:51 AM,02 BROOKLYN,BROOKLYN,993590,188313,Unspecified,BROOKLYN,Unspecified,Unspecified,Unspecified,Unspecified,Unspecified,Unspecified,Unspecified,Unspecified,Unspecified,N,,,,,,,,,,,,40.68354752444319,-73.96632404803522,"(40.68354752444319, -73.96632404803522)"
29295239,11/16/2014 12:59:54 AM,11/16/2014 03:00:54 AM,NYPD,New York City Police Department,Noise - Commercial,Loud Music/Party,Store/Commercial,10034,238 SHERMAN AVENUE,SHERMAN AVENUE,,,,,LATLONG,NEW YORK,,Precinct,Closed,11/16/2014 08:59:54 AM,11/16/2014 02:59:55 AM,01 MANHATTAN,MANHATTAN,1006484,254911,Unspecified,MANHATTAN,Unspecified,Unspecified,Unspecified,Unspecified,Unspecified,Unspecified,Unspecified,Unspecified,Unspecified,N,,,,,,,,,,,,40.86631840814236,-73.91961358936902,"(40.86631840814236, -73.91961358936902)"
29296189,11/16/2014 12:59:48 AM,11/16/2014 02:15:14 AM,NYPD,New York City Police Department,Noise - Commercial,Loud Music/Party,Club/Bar/Restaurant,10025,2794 BROADWAY,BROADWAY,WEST 107 STREET,WEST 108 STREET,,,ADDRESS,NEW YORK,,Precinct,Closed,11/16/2014 08:59:48 AM,11/16/2014 02:15:15 AM,07 MANHATTAN,MANHATTAN,993210,231750,Unspecified,MANHATTAN,Unspecified,Unspecified,Unspecified,Unspecified,Unspecified,Unspecified,Unspecified,Unspecified,Unspecified,N,,,,,,,,,,,,40.802771608813686,-73.96763629862909,"(40.802771608813686, -73.96763629862909)"
29298792,11/16/2014 12:58:31 AM,11/16/2014 01:40:12 AM,NYPD,New York City Police Department,Noise - Commercial,Loud Music/Party,Club/Bar/Restaurant,10032,3938 BROADWAY,BROADWAY,WEST 164 STREET,WEST 165 STREET,,,ADDRESS,NEW YORK,,Precinct,Closed,11/16/2014 08:58:31 AM,11/16/2014 01:40:12 AM,12 MANHATTAN,MANHATTAN,1000518,244976,Unspecified,MANHATTAN,Unspecified,Unspecified,Unspecified,Unspecified,Unspecified,Unspecified,Unspecified,Unspecified,Unspecified,N,,,,,,,,,,,,40.839062802723554,-73.94120759744989,"(40.839062802723554, -73.94120759744989)"
29295609,11/16/2014 12:58:25 AM,,NYPD,New York City Police Department,Noise - Vehicle,Car/Truck Horn,Street/Sidewalk,11234,EAST 69 STREET,EAST 69 STREET,AVENUE X,AVENUE Y,,,BLOCKFACE,BROOKLYN,,Precinct,Assigned,11/16/2014 08:58:25 AM,11/16/2014 01:49:04 AM,18 BROOKLYN,BROOKLYN,1011251,162783,Unspecified,BROOKLYN,Unspecified,Unspecified,Unspecified,Unspecified,Unspecified,Unspecified,Unspecified,Unspecified,Unspecified,N,,,,,,,,,,,,40.61343699743406,-73.9027484423914,"(40.61343699743406, -73.9027484423914)"
29300006,11/16/2014 12:58:09 AM,,NYPD,New York City Police Department,Noise - Commercial,Loud Music/Party,Club/Bar/Restaurant,11413,224-22 MERRICK BOULEVARD,MERRICK BOULEVARD,224 STREET,225 STREET,,,ADDRESS,SPRINGFIELD GARDENS,,Precinct,Open,11/16/2014 08:58:09 AM,,13 QUEENS,QUEENS,1054880,186316,Unspecified,QUEENS,Unspecified,Unspecified,Unspecified,Unspecified,Unspecified,Unspecified,Unspecified,Unspecified,Unspecified,N,,,,,,,,,,,,40.67778936662263,-73.74536076970585,"(40.67778936662263, -73.74536076970585)"
29298920,11/16/2014 12:57:46 AM,11/16/2014 01:38:03 AM,NYPD,New York City Police Department,Noise - Street/Sidewalk,Loud Talking,Street/Sidewalk,10035,405 EAST 117 STREET,EAST 117 STREET,1 AVENUE,PLEASANT AVENUE,,,ADDRESS,NEW YORK,,Precinct,Closed,11/16/2014 08:57:46 AM,11/16/2014 01:38:03 AM,11 MANHATTAN,MANHATTAN,1002384,229477,Unspecified,MANHATTAN,Unspecified,Unspecified,Unspecified,Unspecified,Unspecified,Unspecified,Unspecified,Unspecified,Unspecified,N,,,,,,,,,,,,40.796518780180065,-73.9345057726516,"(40.796518780180065, -73.9345057726516)"
